,train_loss,valid_loss,epoch
0,0.5585647626198772,0.45865307479424583,1
1,0.4107181343126267,0.3708869429459249,2
2,0.35687673162612926,0.3373414185878478,3
3,0.3352308274225745,0.3209465847801146,4
4,0.32618163249112275,0.31038366458880573,5
5,0.3185885866291653,0.30629565031326056,6
6,0.3123070672994718,0.2995983412055145,7
7,0.30916005993882817,0.2985833838750097,8
8,0.30604601717369634,0.29124879387013597,9
9,0.30151894049401534,0.29451475242493597,10
